<?xml version="1.0" encoding="UTF-8"?>
<!DOCTYPE hibernate-configuration PUBLIC
        "-//Hibernate/Hibernate Configuration DTD//EN"
        "http://hibernate.org/dtd/hibernate-configuration-3.0.dtd">

<hibernate-configuration>
    <session-factory>
        <property name="hibernate.connection.driver_class">org.postgresql.Driver</property>
        <property name="hibernate.connection.url">jdbc:postgresql://localhost:5432/test1</property>
        <property name="hibernate.connection.username">postgres</property>
        <property name="hibernate.connection.password">ant1katop</property>
        <property name="hibernate.dialect">org.hibernate.dialect.PostgreSQL9Dialect</property>
        <property name="hibernate.show_sql">true</property>

    </session-factory>
</hibernate-configuration>