<?xml version="1.0" encoding="utf-8" ?>
<!DOCTYPE hibernate-configuration PUBLIC
        "-//Hibernate/Hibernate Configuration DTD 3.0//EN"
                "http://www.hibernate.org/dtd/hibernate-configuration-3.0.dtd">
<hibernate-configuration>
    <session-factory>
        <property name="hibernate.connection.url">jdbc:postgresql://localhost:5432/users_autos</property>
        <property name="hibernate.connection.username">postgres</property>
        <property name="hibernate.connection.password">4955</property>
        <property name="hibernate.dialect">org.hibernate.dialect.PostgreSQL9Dialect</property>
        <property name="show_sql">true</property>
        <property name="connection_pool_size">1</property>

        <property name="hbm2ddl.auto">create</property>


    </session-factory>
</hibernate-configuration>